AD|Andorra|AD
AND|Andorra|AD
Andorra|Andorra|AD
the Principality of Andorra|Andorra|AD
AE|United Arab Emirates|AE
ARE|United Arab Emirates|AE
United Arab Emirates|United Arab Emirates|AE
United Arab Emirates (the)|United Arab Emirates|AE
the United Arab Emirates|United Arab Emirates|AE
AF|Afghanistan|AF
AFG|Afghanistan|AF
Afghanistan|Afghanistan|AF
the Islamic Republic of Afghanistan|Afghanistan|AF
AG|Antigua and Barbuda|AG
ATG|Antigua and Barbuda|AG
Antigua and Barbuda|Antigua and Barbuda|AG
AI|Anguilla|AI
AIA|Anguilla|AI
Anguilla|Anguilla|AI
AI|French Afars and Issas|AI
AFI|French Afars and Issas|AI
French Afars and Issas|French Afars and Issas|AI
AL|Albania|AL
ALB|Albania|AL
Albania|Albania|AL
the Republic of Albania|Albania|AL
AM|Armenia|AM
ARM|Armenia|AM
Armenia|Armenia|AM
the Republic of Armenia|Armenia|AM
AN|Netherlands Antilles|AN
ANT|Netherlands Antilles|AN
Netherlands Antilles|Netherlands Antilles|AN
AO|Angola|AO
AGO|Angola|AO
Angola|Angola|AO
the Republic of Angola|Angola|AO
AQ|Antarctica|AQ
ATA|Antarctica|AQ
Antarctica|Antarctica|AQ
AR|Argentina|AR
ARG|Argentina|AR
Argentina|Argentina|AR
the Argentine Republic|Argentina|AR
AS|American Samoa|AS
ASM|American Samoa|AS
American Samoa|American Samoa|AS
AT|Austria|AT
AUT|Austria|AT
Austria|Austria|AT
the Republic of Austria|Austria|AT
AU|Australia|AU
AUS|Australia|AU
Australia|Australia|AU
AW|Aruba|AW
ABW|Aruba|AW
Aruba|Aruba|AW
AX|Åland Islands|AX
ALA|Åland Islands|AX
Åland Islands|Åland Islands|AX
AZ|Azerbaijan|AZ
AZE|Azerbaijan|AZ
Azerbaijan|Azerbaijan|AZ
the Republic of Azerbaijan|Azerbaijan|AZ
BA|Bosnia and Herzegovina|BA
BIH|Bosnia and Herzegovina|BA
Bosnia and Herzegovina|Bosnia and Herzegovina|BA
BB|Barbados|BB
BRB|Barbados|BB
Barbados|Barbados|BB
BD|Bangladesh|BD
BGD|Bangladesh|BD
Bangladesh|Bangladesh|BD
the People's Republic of Bangladesh|Bangladesh|BD
BE|Belgium|BE
BEL|Belgium|BE
Belgium|Belgium|BE
the Kingdom of Belgium|Belgium|BE
BF|Burkina Faso|BF
BFA|Burkina Faso|BF
Burkina Faso|Burkina Faso|BF
BG|Bulgaria|BG
BGR|Bulgaria|BG
Bulgaria|Bulgaria|BG
the Republic of Bulgaria|Bulgaria|BG
BH|Bahrain|BH
BHR|Bahrain|BH
Bahrain|Bahrain|BH
the Kingdom of Bahrain|Bahrain|BH
BI|Burundi|BI
BDI|Burundi|BI
Burundi|Burundi|BI
the Republic of Burundi|Burundi|BI
BJ|Benin|BJ
BEN|Benin|BJ
Benin|Benin|BJ
the Republic of Benin|Benin|BJ
BL|Saint Barthélemy|BL
BLM|Saint Barthélemy|BL
Saint Barthélemy|Saint Barthélemy|BL
BM|Bermuda|BM
BMU|Bermuda|BM
Bermuda|Bermuda|BM
BN|Brunei Darussalam|BN
BRN|Brunei Darussalam|BN
Brunei Darussalam|Brunei Darussalam|BN
BO|Bolivia|BO
BOL|Bolivia|BO
Bolivia|Bolivia|BO
Bolivia, Plurinational State of|Bolivia|BO
the Plurinational State of Bolivia|Bolivia|BO
BQ|British Antarctic Territory|BQ
ATB|British Antarctic Territory|BQ
British Antarctic Territory|British Antarctic Territory|BQ
BQ|Bonaire|BQ
BES|Bonaire|BQ
Bonaire|Bonaire|BQ
Bonaire, Sint Eustatius and Saba|Bonaire|BQ
BR|Brazil|BR
BRA|Brazil|BR
Brazil|Brazil|BR
the Federative Republic of Brazil|Brazil|BR
BS|Bahamas|BS
BHS|Bahamas|BS
Bahamas|Bahamas|BS
Bahamas (the)|Bahamas|BS
the Commonwealth of the Bahamas|Bahamas|BS
BT|Bhutan|BT
BTN|Bhutan|BT
Bhutan|Bhutan|BT
the Kingdom of Bhutan|Bhutan|BT
BU|Burma|BU
BUR|Burma|BU
Burma|Burma|BU
BV|Bouvet Island|BV
BVT|Bouvet Island|BV
Bouvet Island|Bouvet Island|BV
BW|Botswana|BW
BWA|Botswana|BW
Botswana|Botswana|BW
the Republic of Botswana|Botswana|BW
BY|Byelorussian SSR|BY
BYS|Byelorussian SSR|BY
Byelorussian SSR|Byelorussian SSR|BY
BY|Belarus|BY
BLR|Belarus|BY
Belarus|Belarus|BY
the Republic of Belarus|Belarus|BY
BZ|Belize|BZ
BLZ|Belize|BZ
Belize|Belize|BZ
CA|Canada|CA
CAN|Canada|CA
Canada|Canada|CA
CC|Cocos|CC
CCK|Cocos|CC
Cocos|Cocos|CC
Cocos (Keeling) Islands (the)|Cocos|CC
CD|Congo|CD
COD|Congo|CD
Congo|Congo|CD
Congo (the Democratic Republic of the)|Congo|CD
the Democratic Republic of the Congo|Congo|CD
CF|Central African Republic|CF
CAF|Central African Republic|CF
Central African Republic|Central African Republic|CF
Central African Republic (the)|Central African Republic|CF
the Central African Republic|Central African Republic|CF
CG|Congo|CG
COG|Congo|CG
Congo|Congo|CG
the Republic of the Congo|Congo|CG
CH|Switzerland|CH
CHE|Switzerland|CH
Switzerland|Switzerland|CH
the Swiss Confederation|Switzerland|CH
CI|Côte d'Ivoire|CI
CIV|Côte d'Ivoire|CI
Côte d'Ivoire|Côte d'Ivoire|CI
the Republic of Côte d'Ivoire|Côte d'Ivoire|CI
CK|Cook Islands|CK
COK|Cook Islands|CK
Cook Islands|Cook Islands|CK
Cook Islands (the)|Cook Islands|CK
CL|Chile|CL
CHL|Chile|CL
Chile|Chile|CL
the Republic of Chile|Chile|CL
CM|Cameroon|CM
CMR|Cameroon|CM
Cameroon|Cameroon|CM
the Republic of Cameroon|Cameroon|CM
CN|China|CN
CHN|China|CN
China|China|CN
the People's Republic of China|China|CN
CO|Colombia|CO
COL|Colombia|CO
Colombia|Colombia|CO
the Republic of Colombia|Colombia|CO
CR|Costa Rica|CR
CRI|Costa Rica|CR
Costa Rica|Costa Rica|CR
the Republic of Costa Rica|Costa Rica|CR
CS|Czechoslovakia|CS
CSK|Czechoslovakia|CS
Czechoslovakia|Czechoslovakia|CS
CS|Serbia and Montenegro|CS
SCG|Serbia and Montenegro|CS
Serbia and Montenegro|Serbia and Montenegro|CS
CT|Canton and Enderbury Islands|CT
CTE|Canton and Enderbury Islands|CT
Canton and Enderbury Islands|Canton and Enderbury Islands|CT
CU|Cuba|CU
CUB|Cuba|CU
Cuba|Cuba|CU
the Republic of Cuba|Cuba|CU
CV|Cabo Verde|CV
CPV|Cabo Verde|CV
Cabo Verde|Cabo Verde|CV
the Republic of Cabo Verde|Cabo Verde|CV
CW|Curaçao|CW
CUW|Curaçao|CW
Curaçao|Curaçao|CW
CX|Christmas Island|CX
CXR|Christmas Island|CX
Christmas Island|Christmas Island|CX
CY|Cyprus|CY
CYP|Cyprus|CY
Cyprus|Cyprus|CY
the Republic of Cyprus|Cyprus|CY
CZ|Czech Republic|CZ
CZE|Czech Republic|CZ
Czech Republic|Czech Republic|CZ
Czech Republic (the)|Czech Republic|CZ
the Czech Republic|Czech Republic|CZ
DD|German Democratic Republic|DD
DDR|German Democratic Republic|DD
German Democratic Republic|German Democratic Republic|DD
DE|Germany|DE
DEU|Germany|DE
Germany|Germany|DE
the Federal Republic of Germany|Germany|DE
DJ|Djibouti|DJ
DJI|Djibouti|DJ
Djibouti|Djibouti|DJ
the Republic of Djibouti|Djibouti|DJ
DK|Denmark|DK
DNK|Denmark|DK
Denmark|Denmark|DK
the Kingdom of Denmark|Denmark|DK
DM|Dominica|DM
DMA|Dominica|DM
Dominica|Dominica|DM
the Commonwealth of Dominica|Dominica|DM
DO|Dominican Republic|DO
DOM|Dominican Republic|DO
Dominican Republic|Dominican Republic|DO
Dominican Republic (the)|Dominican Republic|DO
the Dominican Republic|Dominican Republic|DO
DY|Dahomey|DY
DHY|Dahomey|DY
Dahomey|Dahomey|DY
DZ|Algeria|DZ
DZA|Algeria|DZ
Algeria|Algeria|DZ
the People's Democratic Republic of Algeria|Algeria|DZ
EC|Ecuador|EC
ECU|Ecuador|EC
Ecuador|Ecuador|EC
the Republic of Ecuador|Ecuador|EC
EE|Estonia|EE
EST|Estonia|EE
Estonia|Estonia|EE
the Republic of Estonia|Estonia|EE
EG|Egypt|EG
EGY|Egypt|EG
Egypt|Egypt|EG
the Arab Republic of Egypt|Egypt|EG
EH|Western Sahara*|EH
ESH|Western Sahara*|EH
Western Sahara*|Western Sahara*|EH
ER|Eritrea|ER
ERI|Eritrea|ER
Eritrea|Eritrea|ER
the State of Eritrea|Eritrea|ER
ES|Spain|ES
ESP|Spain|ES
Spain|Spain|ES
the Kingdom of Spain|Spain|ES
ET|Ethiopia|ET
ETH|Ethiopia|ET
Ethiopia|Ethiopia|ET
the Federal Democratic Republic of Ethiopia|Ethiopia|ET
FI|Finland|FI
FIN|Finland|FI
Finland|Finland|FI
the Republic of Finland|Finland|FI
FJ|Fiji|FJ
FJI|Fiji|FJ
Fiji|Fiji|FJ
the Republic of Fiji|Fiji|FJ
FK|Falkland Islands|FK
FLK|Falkland Islands|FK
Falkland Islands|Falkland Islands|FK
Falkland Islands (the) [Malvinas]|Falkland Islands|FK
FM|Micronesia|FM
FSM|Micronesia|FM
Micronesia|Micronesia|FM
Micronesia (the Federated States of)|Micronesia|FM
the Federated States of Micronesia|Micronesia|FM
FO|Faroe Islands|FO
FRO|Faroe Islands|FO
Faroe Islands|Faroe Islands|FO
Faroe Islands (the)|Faroe Islands|FO
FQ|French Southern and Antarctic Territories|FQ
ATF|French Southern and Antarctic Territories|FQ
French Southern and Antarctic Territories|French Southern and Antarctic Territories|FQ
FR|France|FR
FRA|France|FR
France|France|FR
the French Republic|France|FR
GA|Gabon|GA
GAB|Gabon|GA
Gabon|Gabon|GA
the Gabonese Republic|Gabon|GA
GB|United Kingdom|GB
GBR|United Kingdom|GB
United Kingdom|United Kingdom|GB
United Kingdom (the)|United Kingdom|GB
the United Kingdom of Great Britain and Northern Ireland|United Kingdom|GB
GD|Grenada|GD
GRD|Grenada|GD
Grenada|Grenada|GD
GE|Gilbert and Ellice Islands|GE
GEL|Gilbert and Ellice Islands|GE
Gilbert and Ellice Islands|Gilbert and Ellice Islands|GE
GE|Georgia|GE
GEO|Georgia|GE
Georgia|Georgia|GE
GF|French Guiana|GF
GUF|French Guiana|GF
French Guiana|French Guiana|GF
GG|Guernsey|GG
GGY|Guernsey|GG
Guernsey|Guernsey|GG
GH|Ghana|GH
GHA|Ghana|GH
Ghana|Ghana|GH
the Republic of Ghana|Ghana|GH
GI|Gibraltar|GI
GIB|Gibraltar|GI
Gibraltar|Gibraltar|GI
GL|Greenland|GL
GRL|Greenland|GL
Greenland|Greenland|GL
GM|Gambia|GM
GMB|Gambia|GM
Gambia|Gambia|GM
Gambia (The)|Gambia|GM
the Republic of The Gambia|Gambia|GM
GN|Guinea|GN
GIN|Guinea|GN
Guinea|Guinea|GN
the Republic of Guinea|Guinea|GN
GP|Guadeloupe|GP
GLP|Guadeloupe|GP
Guadeloupe|Guadeloupe|GP
GQ|Equatorial Guinea|GQ
GNQ|Equatorial Guinea|GQ
Equatorial Guinea|Equatorial Guinea|GQ
the Republic of Equatorial Guinea|Equatorial Guinea|GQ
GR|Greece|GR
GRC|Greece|GR
Greece|Greece|GR
the Hellenic Republic|Greece|GR
GS|South Georgia and the South Sandwich Islands|GS
SGS|South Georgia and the South Sandwich Islands|GS
South Georgia and the South Sandwich Islands|South Georgia and the South Sandwich Islands|GS
GT|Guatemala|GT
GTM|Guatemala|GT
Guatemala|Guatemala|GT
the Republic of Guatemala|Guatemala|GT
GU|Guam|GU
GUM|Guam|GU
Guam|Guam|GU
GW|Guinea-Bissau|GW
GNB|Guinea-Bissau|GW
Guinea-Bissau|Guinea-Bissau|GW
the Republic of Guinea-Bissau|Guinea-Bissau|GW
GY|Guyana|GY
GUY|Guyana|GY
Guyana|Guyana|GY
the Republic of Guyana|Guyana|GY
HK|Hong Kong|HK
HKG|Hong Kong|HK
Hong Kong|Hong Kong|HK
the Hong Kong Special Administrative Region of China|Hong Kong|HK
HM|Heard Island and McDonald Islands|HM
HMD|Heard Island and McDonald Islands|HM
Heard Island and McDonald Islands|Heard Island and McDonald Islands|HM
HN|Honduras|HN
HND|Honduras|HN
Honduras|Honduras|HN
the Republic of Honduras|Honduras|HN
HR|Croatia|HR
HRV|Croatia|HR
Croatia|Croatia|HR
the Republic of Croatia|Croatia|HR
HT|Haiti|HT
HTI|Haiti|HT
Haiti|Haiti|HT
the Republic of Haiti|Haiti|HT
HU|Hungary|HU
HUN|Hungary|HU
Hungary|Hungary|HU
HV|Upper Volta|HV
HVO|Upper Volta|HV
Upper Volta|Upper Volta|HV
ID|Indonesia|ID
IDN|Indonesia|ID
Indonesia|Indonesia|ID
the Republic of Indonesia|Indonesia|ID
IE|Ireland|IE
IRL|Ireland|IE
Ireland|Ireland|IE
IL|Israel|IL
ISR|Israel|IL
Israel|Israel|IL
the State of Israel|Israel|IL
IM|Isle of Man|IM
IMN|Isle of Man|IM
Isle of Man|Isle of Man|IM
IN|India|IN
IND|India|IN
India|India|IN
the Republic of India|India|IN
IO|British Indian Ocean Territory|IO
IOT|British Indian Ocean Territory|IO
British Indian Ocean Territory|British Indian Ocean Territory|IO
British Indian Ocean Territory (the)|British Indian Ocean Territory|IO
IQ|Iraq|IQ
IRQ|Iraq|IQ
Iraq|Iraq|IQ
the Republic of Iraq|Iraq|IQ
IR|Iran|IR
IRN|Iran|IR
Iran|Iran|IR
Iran (the Islamic Republic of)|Iran|IR
the Islamic Republic of Iran|Iran|IR
IS|Iceland|IS
ISL|Iceland|IS
Iceland|Iceland|IS
the Republic of Iceland|Iceland|IS
IT|Italy|IT
ITA|Italy|IT
Italy|Italy|IT
the Republic of Italy|Italy|IT
JE|Jersey|JE
JEY|Jersey|JE
Jersey|Jersey|JE
JM|Jamaica|JM
JAM|Jamaica|JM
Jamaica|Jamaica|JM
JO|Jordan|JO
JOR|Jordan|JO
Jordan|Jordan|JO
the Hashemite Kingdom of Jordan|Jordan|JO
JP|Japan|JP
JPN|Japan|JP
Japan|Japan|JP
JT|Johnston Island|JT
JTN|Johnston Island|JT
Johnston Island|Johnston Island|JT
KE|Kenya|KE
KEN|Kenya|KE
Kenya|Kenya|KE
the Republic of Kenya|Kenya|KE
KG|Kyrgyzstan|KG
KGZ|Kyrgyzstan|KG
Kyrgyzstan|Kyrgyzstan|KG
the Kyrgyz Republic|Kyrgyzstan|KG
KH|Cambodia|KH
KHM|Cambodia|KH
Cambodia|Cambodia|KH
the Kingdom of Cambodia|Cambodia|KH
KI|Kiribati|KI
KIR|Kiribati|KI
Kiribati|Kiribati|KI
the Republic of Kiribati|Kiribati|KI
KM|Comoros|KM
COM|Comoros|KM
Comoros|Comoros|KM
the Union of the Comoros|Comoros|KM
KN|Saint Kitts and Nevis|KN
KNA|Saint Kitts and Nevis|KN
Saint Kitts and Nevis|Saint Kitts and Nevis|KN
KP|Korea|KP
PRK|Korea|KP
Korea|Korea|KP
Korea (the Democratic People's Republic of)|Korea|KP
the Democratic People's Republic of Korea|Korea|KP
KR|Korea|KR
KOR|Korea|KR
Korea|Korea|KR
Korea (the Republic of)|Korea|KR
the Republic of Korea|Korea|KR
KW|Kuwait|KW
KWT|Kuwait|KW
Kuwait|Kuwait|KW
the State of Kuwait|Kuwait|KW
KY|Cayman Islands|KY
CYM|Cayman Islands|KY
Cayman Islands|Cayman Islands|KY
Cayman Islands (the)|Cayman Islands|KY
KZ|Kazakhstan|KZ
KAZ|Kazakhstan|KZ
Kazakhstan|Kazakhstan|KZ
the Republic of Kazakhstan|Kazakhstan|KZ
LA|Lao People's Democratic Republic|LA
LAO|Lao People's Democratic Republic|LA
Lao People's Democratic Republic|Lao People's Democratic Republic|LA
Lao People's Democratic Republic (the)|Lao People's Democratic Republic|LA
the Lao People's Democratic Republic|Lao People's Democratic Republic|LA
LB|Lebanon|LB
LBN|Lebanon|LB
Lebanon|Lebanon|LB
the Lebanese Republic|Lebanon|LB
LC|Saint Lucia|LC
LCA|Saint Lucia|LC
Saint Lucia|Saint Lucia|LC
LI|Liechtenstein|LI
LIE|Liechtenstein|LI
Liechtenstein|Liechtenstein|LI
the Principality of Liechtenstein|Liechtenstein|LI
LK|Sri Lanka|LK
LKA|Sri Lanka|LK
Sri Lanka|Sri Lanka|LK
the Democratic Socialist Republic of Sri Lanka|Sri Lanka|LK
LR|Liberia|LR
LBR|Liberia|LR
Liberia|Liberia|LR
the Republic of Liberia|Liberia|LR
LS|Lesotho|LS
LSO|Lesotho|LS
Lesotho|Lesotho|LS
the Kingdom of Lesotho|Lesotho|LS
LT|Lithuania|LT
LTU|Lithuania|LT
Lithuania|Lithuania|LT
the Republic of Lithuania|Lithuania|LT
LU|Luxembourg|LU
LUX|Luxembourg|LU
Luxembourg|Luxembourg|LU
the Grand Duchy of Luxembourg|Luxembourg|LU
LV|Latvia|LV
LVA|Latvia|LV
Latvia|Latvia|LV
the Republic of Latvia|Latvia|LV
LY|Libya|LY
LBY|Libya|LY
Libya|Libya|LY
MA|Morocco|MA
MAR|Morocco|MA
Morocco|Morocco|MA
the Kingdom of Morocco|Morocco|MA
MC|Monaco|MC
MCO|Monaco|MC
Monaco|Monaco|MC
the Principality of Monaco|Monaco|MC
MD|Moldova|MD
MDA|Moldova|MD
Moldova|Moldova|MD
Moldova (the Republic of)|Moldova|MD
the Republic of Moldova|Moldova|MD
ME|Montenegro|ME
MNE|Montenegro|ME
Montenegro|Montenegro|ME
MF|Saint Martin|MF
MAF|Saint Martin|MF
Saint Martin|Saint Martin|MF
Saint Martin (French part)|Saint Martin|MF
MG|Madagascar|MG
MDG|Madagascar|MG
Madagascar|Madagascar|MG
the Republic of Madagascar|Madagascar|MG
MH|Marshall Islands|MH
MHL|Marshall Islands|MH
Marshall Islands|Marshall Islands|MH
Marshall Islands (the)|Marshall Islands|MH
the Republic of the Marshall Islands|Marshall Islands|MH
MI|Midway Islands|MI
MID|Midway Islands|MI
Midway Islands|Midway Islands|MI
MK|Macedonia|MK
MKD|Macedonia|MK
Macedonia|Macedonia|MK
Macedonia (the former Yugoslav Republic of)|Macedonia|MK
the former Yugoslav Republic of Macedonia|Macedonia|MK
ML|Mali|ML
MLI|Mali|ML
Mali|Mali|ML
the Republic of Mali|Mali|ML
MM|Myanmar|MM
MMR|Myanmar|MM
Myanmar|Myanmar|MM
the Republic of the Union of Myanmar|Myanmar|MM
MN|Mongolia|MN
MNG|Mongolia|MN
Mongolia|Mongolia|MN
MO|Macao|MO
MAC|Macao|MO
Macao|Macao|MO
Macao Special Administrative Region of China|Macao|MO
MP|Northern Mariana Islands|MP
MNP|Northern Mariana Islands|MP
Northern Mariana Islands|Northern Mariana Islands|MP
Northern Mariana Islands (the)|Northern Mariana Islands|MP
the Commonwealth of the Northern Mariana Islands|Northern Mariana Islands|MP
MQ|Martinique|MQ
MTQ|Martinique|MQ
Martinique|Martinique|MQ
MR|Mauritania|MR
MRT|Mauritania|MR
Mauritania|Mauritania|MR
the Islamic Republic of Mauritania|Mauritania|MR
MS|Montserrat|MS
MSR|Montserrat|MS
Montserrat|Montserrat|MS
MT|Malta|MT
MLT|Malta|MT
Malta|Malta|MT
the Republic of Malta|Malta|MT
MU|Mauritius|MU
MUS|Mauritius|MU
Mauritius|Mauritius|MU
the Republic of Mauritius|Mauritius|MU
MV|Maldives|MV
MDV|Maldives|MV
Maldives|Maldives|MV
the Republic of Maldives|Maldives|MV
MW|Malawi|MW
MWI|Malawi|MW
Malawi|Malawi|MW
the Republic of Malawi|Malawi|MW
MX|Mexico|MX
MEX|Mexico|MX
Mexico|Mexico|MX
the United Mexican States|Mexico|MX
MY|Malaysia|MY
MYS|Malaysia|MY
Malaysia|Malaysia|MY
MZ|Mozambique|MZ
MOZ|Mozambique|MZ
Mozambique|Mozambique|MZ
the Republic of Mozambique|Mozambique|MZ
NA|Namibia|NA
NAM|Namibia|NA
Namibia|Namibia|NA
the Republic of Namibia|Namibia|NA
NC|New Caledonia|NC
NCL|New Caledonia|NC
New Caledonia|New Caledonia|NC
NE|Niger|NE
NER|Niger|NE
Niger|Niger|NE
Niger (the)|Niger|NE
the Republic of the Niger|Niger|NE
NF|Norfolk Island|NF
NFK|Norfolk Island|NF
Norfolk Island|Norfolk Island|NF
NG|Nigeria|NG
NGA|Nigeria|NG
Nigeria|Nigeria|NG
the Federal Republic of Nigeria|Nigeria|NG
NH|New Hebrides|NH
NHB|New Hebrides|NH
New Hebrides|New Hebrides|NH
NI|Nicaragua|NI
NIC|Nicaragua|NI
Nicaragua|Nicaragua|NI
the Republic of Nicaragua|Nicaragua|NI
NL|Netherlands|NL
NLD|Netherlands|NL
Netherlands|Netherlands|NL
Netherlands (the)|Netherlands|NL
the Kingdom of the Netherlands|Netherlands|NL
NO|Norway|NO
NOR|Norway|NO
Norway|Norway|NO
the Kingdom of Norway|Norway|NO
NP|Nepal|NP
NPL|Nepal|NP
Nepal|Nepal|NP
the Federal Democratic Republic of Nepal|Nepal|NP
NQ|Dronning Maud Land|NQ
ATN|Dronning Maud Land|NQ
Dronning Maud Land|Dronning Maud Land|NQ
NR|Nauru|NR
NRU|Nauru|NR
Nauru|Nauru|NR
the Republic of Nauru|Nauru|NR
NT|Neutral Zone|NT
NTZ|Neutral Zone|NT
Neutral Zone|Neutral Zone|NT
NU|Niue|NU
NIU|Niue|NU
Niue|Niue|NU
NZ|New Zealand|NZ
NZL|New Zealand|NZ
New Zealand|New Zealand|NZ
OM|Oman|OM
OMN|Oman|OM
Oman|Oman|OM
the Sultanate of Oman|Oman|OM
PA|Panama|PA
PAN|Panama|PA
Panama|Panama|PA
the Republic of Panama|Panama|PA
PC|Pacific Islands|PC
PCI|Pacific Islands|PC
Pacific Islands|Pacific Islands|PC
Pacific Islands (Trust Territory)|Pacific Islands|PC
PE|Peru|PE
PER|Peru|PE
Peru|Peru|PE
the Republic of Peru|Peru|PE
PF|French Polynesia|PF
PYF|French Polynesia|PF
French Polynesia|French Polynesia|PF
PG|Papua New Guinea|PG
PNG|Papua New Guinea|PG
Papua New Guinea|Papua New Guinea|PG
the Independent State of Papua New Guinea|Papua New Guinea|PG
PH|Philippines|PH
PHL|Philippines|PH
Philippines|Philippines|PH
Philippines (the)|Philippines|PH
the Republic of the Philippines|Philippines|PH
PK|Pakistan|PK
PAK|Pakistan|PK
Pakistan|Pakistan|PK
the Islamic Republic of Pakistan|Pakistan|PK
PL|Poland|PL
POL|Poland|PL
Poland|Poland|PL
the Republic of Poland|Poland|PL
PM|Saint Pierre and Miquelon|PM
SPM|Saint Pierre and Miquelon|PM
Saint Pierre and Miquelon|Saint Pierre and Miquelon|PM
PN|Pitcairn|PN
PCN|Pitcairn|PN
Pitcairn|Pitcairn|PN
PR|Puerto Rico|PR
PRI|Puerto Rico|PR
Puerto Rico|Puerto Rico|PR
PS|Palestine|PS
PSE|Palestine|PS
Palestine|Palestine|PS
Palestine, State of|Palestine|PS
the State of Palestine|Palestine|PS
PT|Portugal|PT
PRT|Portugal|PT
Portugal|Portugal|PT
the Portuguese Republic|Portugal|PT
PU|United States Miscellaneous Pacific Islands|PU
PUS|United States Miscellaneous Pacific Islands|PU
United States Miscellaneous Pacific Islands|United States Miscellaneous Pacific Islands|PU
PW|Palau|PW
PLW|Palau|PW
Palau|Palau|PW
the Republic of Palau|Palau|PW
PY|Paraguay|PY
PRY|Paraguay|PY
Paraguay|Paraguay|PY
the Republic of Paraguay|Paraguay|PY
PZ|Panama Canal Zone|PZ
PCZ|Panama Canal Zone|PZ
Panama Canal Zone|Panama Canal Zone|PZ
QA|Qatar|QA
QAT|Qatar|QA
Qatar|Qatar|QA
the State of Qatar|Qatar|QA
RE|Réunion|RE
REU|Réunion|RE
Réunion|Réunion|RE
RH|Southern Rhodesia|RH
RHO|Southern Rhodesia|RH
Southern Rhodesia|Southern Rhodesia|RH
RO|Romania|RO
ROU|Romania|RO
Romania|Romania|RO
RS|Serbia|RS
SRB|Serbia|RS
Serbia|Serbia|RS
the Republic of Serbia|Serbia|RS
RU|Russian Federation|RU
RUS|Russian Federation|RU
Russian Federation|Russian Federation|RU
Russian Federation (the)|Russian Federation|RU
the Russian Federation|Russian Federation|RU
RW|Rwanda|RW
RWA|Rwanda|RW
Rwanda|Rwanda|RW
the Republic of Rwanda|Rwanda|RW
SA|Saudi Arabia|SA
SAU|Saudi Arabia|SA
Saudi Arabia|Saudi Arabia|SA
the Kingdom of Saudi Arabia|Saudi Arabia|SA
SB|Solomon Islands|SB
SLB|Solomon Islands|SB
Solomon Islands|Solomon Islands|SB
Solomon Islands (the)|Solomon Islands|SB
SC|Seychelles|SC
SYC|Seychelles|SC
Seychelles|Seychelles|SC
the Republic of Seychelles|Seychelles|SC
SD|Sudan|SD
SDN|Sudan|SD
Sudan|Sudan|SD
Sudan (the)|Sudan|SD
the Republic of the Sudan|Sudan|SD
SE|Sweden|SE
SWE|Sweden|SE
Sweden|Sweden|SE
the Kingdom of Sweden|Sweden|SE
SG|Singapore|SG
SGP|Singapore|SG
Singapore|Singapore|SG
the Republic of Singapore|Singapore|SG
SH|Saint Helena|SH
SHN|Saint Helena|SH
Saint Helena|Saint Helena|SH
Saint Helena, Ascension and Tristan da Cunha|Saint Helena|SH
SI|Slovenia|SI
SVN|Slovenia|SI
Slovenia|Slovenia|SI
the Republic of Slovenia|Slovenia|SI
SJ|Svalbard and Jan Mayen|SJ
SJM|Svalbard and Jan Mayen|SJ
Svalbard and Jan Mayen|Svalbard and Jan Mayen|SJ
SK|Slovakia|SK
SVK|Slovakia|SK
Slovakia|Slovakia|SK
the Slovak Republic|Slovakia|SK
SK|Sikkim|SK
SKM|Sikkim|SK
Sikkim|Sikkim|SK
SL|Sierra Leone|SL
SLE|Sierra Leone|SL
Sierra Leone|Sierra Leone|SL
the Republic of Sierra Leone|Sierra Leone|SL
SM|San Marino|SM
SMR|San Marino|SM
San Marino|San Marino|SM
the Republic of San Marino|San Marino|SM
SN|Senegal|SN
SEN|Senegal|SN
Senegal|Senegal|SN
the Republic of Senegal|Senegal|SN
SO|Somalia|SO
SOM|Somalia|SO
Somalia|Somalia|SO
the Federal Republic of Somalia|Somalia|SO
SR|Suriname|SR
SUR|Suriname|SR
Suriname|Suriname|SR
the Republic of Suriname|Suriname|SR
SS|South Sudan|SS
SSD|South Sudan|SS
South Sudan|South Sudan|SS
the Republic of South Sudan|South Sudan|SS
ST|Sao Tome and Principe|ST
STP|Sao Tome and Principe|ST
Sao Tome and Principe|Sao Tome and Principe|ST
the Democratic Republic of Sao Tome and Principe|Sao Tome and Principe|ST
SV|El Salvador|SV
SLV|El Salvador|SV
El Salvador|El Salvador|SV
the Republic of El Salvador|El Salvador|SV
SX|Sint Maarten|SX
SXM|Sint Maarten|SX
Sint Maarten|Sint Maarten|SX
Sint Maarten (Dutch part)|Sint Maarten|SX
SY|Syrian Arab Republic|SY
SYR|Syrian Arab Republic|SY
Syrian Arab Republic|Syrian Arab Republic|SY
Syrian Arab Republic (the)|Syrian Arab Republic|SY
the Syrian Arab Republic|Syrian Arab Republic|SY
SZ|Swaziland|SZ
SWZ|Swaziland|SZ
Swaziland|Swaziland|SZ
the Kingdom of Swaziland|Swaziland|SZ
TC|Turks and Caicos Islands|TC
TCA|Turks and Caicos Islands|TC
Turks and Caicos Islands|Turks and Caicos Islands|TC
Turks and Caicos Islands (the)|Turks and Caicos Islands|TC
TD|Chad|TD
TCD|Chad|TD
Chad|Chad|TD
the Republic of Chad|Chad|TD
TF|French Southern Territories|TF
ATF|French Southern Territories|TF
French Southern Territories|French Southern Territories|TF
French Southern Territories (the)|French Southern Territories|TF
TG|Togo|TG
TGO|Togo|TG
Togo|Togo|TG
the Togolese Republic|Togo|TG
TH|Thailand|TH
THA|Thailand|TH
Thailand|Thailand|TH
the Kingdom of Thailand|Thailand|TH
TJ|Tajikistan|TJ
TJK|Tajikistan|TJ
Tajikistan|Tajikistan|TJ
the Republic of Tajikistan|Tajikistan|TJ
TK|Tokelau|TK
TKL|Tokelau|TK
Tokelau|Tokelau|TK
TL|Timor-Leste|TL
TLS|Timor-Leste|TL
Timor-Leste|Timor-Leste|TL
the Democratic Republic of Timor-Leste|Timor-Leste|TL
TM|Turkmenistan|TM
TKM|Turkmenistan|TM
Turkmenistan|Turkmenistan|TM
TN|Tunisia|TN
TUN|Tunisia|TN
Tunisia|Tunisia|TN
the Republic of Tunisia|Tunisia|TN
TO|Tonga|TO
TON|Tonga|TO
Tonga|Tonga|TO
the Kingdom of Tonga|Tonga|TO
TP|East Timor|TP
TMP|East Timor|TP
East Timor|East Timor|TP
TR|Turkey|TR
TUR|Turkey|TR
Turkey|Turkey|TR
the Republic of Turkey|Turkey|TR
TT|Trinidad and Tobago|TT
TTO|Trinidad and Tobago|TT
Trinidad and Tobago|Trinidad and Tobago|TT
the Republic of Trinidad and Tobago|Trinidad and Tobago|TT
TV|Tuvalu|TV
TUV|Tuvalu|TV
Tuvalu|Tuvalu|TV
TW|Taiwan|TW
TWN|Taiwan|TW
Taiwan|Taiwan|TW
Taiwan (Province of China)|Taiwan|TW
TZ|Tanzania|TZ
TZA|Tanzania|TZ
Tanzania|Tanzania|TZ
Tanzania, United Republic of|Tanzania|TZ
the United Republic of Tanzania|Tanzania|TZ
UA|Ukraine|UA
UKR|Ukraine|UA
Ukraine|Ukraine|UA
UG|Uganda|UG
UGA|Uganda|UG
Uganda|Uganda|UG
the Republic of Uganda|Uganda|UG
UM|United States Minor Outlying Islands|UM
UMI|United States Minor Outlying Islands|UM
United States Minor Outlying Islands|United States Minor Outlying Islands|UM
United States Minor Outlying Islands (the)|United States Minor Outlying Islands|UM
US|United States|US
USA|United States|US
United States|United States|US
United States (the)|United States|US
the United States of America|United States|US
UY|Uruguay|UY
URY|Uruguay|UY
Uruguay|Uruguay|UY
the Eastern Republic of Uruguay|Uruguay|UY
UZ|Uzbekistan|UZ
UZB|Uzbekistan|UZ
Uzbekistan|Uzbekistan|UZ
the Republic of Uzbekistan|Uzbekistan|UZ
VA|Holy See|VA
VAT|Holy See|VA
Holy See|Holy See|VA
Holy See (the) [Vatican City State]|Holy See|VA
VC|Saint Vincent and the Grenadines|VC
VCT|Saint Vincent and the Grenadines|VC
Saint Vincent and the Grenadines|Saint Vincent and the Grenadines|VC
VD|Viet-Nam|VD
VDR|Viet-Nam|VD
Viet-Nam|Viet-Nam|VD
Viet-Nam, Democratic Republic of|Viet-Nam|VD
VE|Venezuela|VE
VEN|Venezuela|VE
Venezuela|Venezuela|VE
Venezuela, Bolivarian Republic of |Venezuela|VE
the Bolivarian Republic of Venezuela|Venezuela|VE
VG|Virgin Islands|VG
VGB|Virgin Islands|VG
Virgin Islands|Virgin Islands|VG
Virgin Islands (British)|Virgin Islands|VG
British Virgin Islands (the)|Virgin Islands|VG
VI|Virgin Islands|VI
VIR|Virgin Islands|VI
Virgin Islands|Virgin Islands|VI
Virgin Islands (U.S.)|Virgin Islands|VI
the Virgin Islands of the United States|Virgin Islands|VI
VN|Viet Nam|VN
VNM|Viet Nam|VN
Viet Nam|Viet Nam|VN
the Socialist Republic of Viet Nam|Viet Nam|VN
VU|Vanuatu|VU
VUT|Vanuatu|VU
Vanuatu|Vanuatu|VU
the Republic of Vanuatu|Vanuatu|VU
WF|Wallis and Futuna|WF
WLF|Wallis and Futuna|WF
Wallis and Futuna|Wallis and Futuna|WF
Wallis and Futuna Islands|Wallis and Futuna|WF
WK|Wake Island|WK
WAK|Wake Island|WK
Wake Island|Wake Island|WK
WS|Samoa|WS
WSM|Samoa|WS
Samoa|Samoa|WS
the Independent State of Samoa|Samoa|WS
YD|Yemen|YD
YMD|Yemen|YD
Yemen|Yemen|YD
Yemen, Democratic|Yemen|YD
YE|Yemen|YE
YEM|Yemen|YE
Yemen|Yemen|YE
the  Republic of Yemen|Yemen|YE
YT|Mayotte|YT
MYT|Mayotte|YT
Mayotte|Mayotte|YT
YU|Yugoslavia|YU
YUG|Yugoslavia|YU
Yugoslavia|Yugoslavia|YU
ZA|South Africa|ZA
ZAF|South Africa|ZA
South Africa|South Africa|ZA
the Republic of South Africa|South Africa|ZA
ZM|Zambia|ZM
ZMB|Zambia|ZM
Zambia|Zambia|ZM
the Republic of Zambia|Zambia|ZM
ZR|Zaire|ZR
ZAR|Zaire|ZR
Zaire|Zaire|ZR
ZW|Zimbabwe|ZW
ZWE|Zimbabwe|ZW
Zimbabwe|Zimbabwe|ZW
the Republic of Zimbabwe|Zimbabwe|ZW
AFGHANISTAN|Afghanistan|AF
Afeganistão|Afghanistan|AF
Afganistán|Afghanistan|AF
ALBANIA|Albania|AL
Albania|Albania|AL
Albânia|Albania|AL
ALGERIA|Algeria|DZ
ALGERIE|Algeria|DZ
ARGELIA|Algeria|DZ
Argelia|Algeria|DZ
Argélia|Algeria|DZ
Samoa americana|American Samoa|AS
Samoa Americana|American Samoa|AS
ANDORRA|Andorra|AD
Andorra|Andorra|AD
Andorra|Andorra|AD
PRINCIPADO DE ANDORRA|Andorra|AD
PRINCIPAT D ANDORRA|Andorra|AD
ANGOLA|Angola|AO
Angola|Angola|AO
Angola|Angola|AO
REPUBLICA DE ANGOLA|Angola|AO
Anguilla|Anguilla|AI
Anguilla|Anguilla|AI
Antígua e Barbuda|Antigua and Barbuda|AG
Antigua y Barbuda|Antigua and Barbuda|AG
ANTIGUA AND BARBUDA|Antigua and Barbuda|AG
ANTIGUA BARBU|Antigua and Barbuda|AG
AGENTINA|Argentina|AR
AIRES ARGENTINA|Argentina|AR
AR|Argentina|AR
ARG|Argentina|AR
ARGENITNA|Argentina|AR
ARGENTIN|Argentina|AR
ARGENTINA|Argentina|AR
ARGENTINE|Argentina|AR
ARGENTINE REPUBLIC|Argentina|AR
ARGENTITINA|Argentina|AR
ARGETINA|Argentina|AR
ARQENTINA|Argentina|AR
BUENOS AIRES|Argentina|AR
LANUS|Argentina|AR
R ARGENTINA|Argentina|AR
RAPUBLICA ARGENTINA|Argentina|AR
REP ARGENTINA|Argentina|AR
REPUBLICA ARGENTINA|Argentina|AR
REPUBLICA DE ARGENTINA|Argentina|AR
Argentina|Argentina|AR
Argentina|Argentina|AR
ARMENIA|Armenia|AM
Armenia|Armenia|AM
Armênia|Armenia|AM
REPUBLIC OF ARMENIA|Armenia|AM
Aruba|Aruba|AW
Aruba|Aruba|AW
AUSTRALIA|Australia|AU
Australia|Australia|AU
Austrália|Australia|AU
SOUTH AUSTRALIA|Australia|AU
WESTERN AUSTRALIA|Australia|AU
AUSTRIA|Austria|AT
Austria|Austria|AT
Áustria|Austria|AT
Azerbaijão|Azerbaijan|AZ
Azerbaiyán|Azerbaijan|AZ
BAHAMAS|Bahamas|BS
Bahamas|Bahamas|BS
Bahamas|Bahamas|BS
BAHRAIN|Bahrain|BH
Bahrain|Bahrain|BH
Baréin|Bahrain|BH
KINGDOM OF BAHRAIN|Bahrain|BH
Bangladés|Bangladesh|BD
BANGLADESH|Bangladesh|BD
Bangladesh|Bangladesh|BD
GAZIPUR|Bangladesh|BD
BARBADOS|Barbados|BB
Barbados|Barbados|BB
Barbados|Barbados|BB
BELARUS|Belarus|BY
Belarus|Belarus|BY
Bielorrusia|Belarus|BY
BE|Belgium|BE
BEGIUM|Belgium|BE
BELGICA|Belgium|BE
Bélgica|Belgium|BE
Bélgica|Belgium|BE
Bélgica|Belgium|BE
Bélgica.|Belgium|BE
BELGIQUE|Belgium|BE
BELGIUM|Belgium|BE
BRUXELLES|Belgium|BE
BELICE|Belize|BZ
Belice|Belize|BZ
BELIZE|Belize|BZ
Belize|Belize|BZ
BENIN|Benin|BJ
Benin|Benin|BJ
Benín|Benin|BJ
Bermudas|Bermuda|BM
Bermudas|Bermuda|BM
BHUTAN|Bhutan|BT
Bután|Bhutan|BT
Butão|Bhutan|BT
BOLIVIA|Bolivia|BO
Bolivia|Bolivia|BO
Bolívia|Bolivia|BO
SUCRE|Bolivia|BO
BOSNIA AND HERZEGOVINA|Bosnia and Herzegovina|BA
BOSNIA HERCEG|Bosnia and Herzegovina|BA
Bosnia-Herzegovina|Bosnia and Herzegovina|BA
Bósnia-Herzegovina|Bosnia and Herzegovina|BA
Botsuana|Botswana|BW
Botsuana|Botswana|BW
BOTSWANA|Botswana|BW
BAHIA|Brazil|BR
BARSIL|Brazil|BR
BARZIL|Brazil|BR
BASIL|Brazil|BR
BRA SIL|Brazil|BR
BRAIL|Brazil|BR
BRAISL|Brazil|BR
BRAS|Brazil|BR
BRASI|Brazil|BR
BRASI L|Brazil|BR
Brasil|Brazil|BR
Brasil|Brazil|BR
Brasil|Brazil|BR
BRASILB|Brazil|BR
BRASILE|Brazil|BR
BRASILIA|Brazil|BR
BRASILL|Brazil|BR
BRASILS|Brazil|BR
BRASL|Brazil|BR
Brasli|Brazil|BR
BRASSIL|Brazil|BR
BRAZI|Brazil|BR
BRAZIL|Brazil|BR
BRAZILI|Brazil|BR
BRAZILIL|Brazil|BR
BRAZILL|Brazil|BR
BRESIL|Brazil|BR
BRSIL|Brazil|BR
BRTASIL|Brazil|BR
BRZAIL|Brazil|BR
BRZIL|Brazil|BR
RASIL|Brazil|BR
RAZIL|Brazil|BR
RS BRASIL|Brazil|BR
ZIL|Brazil|BR
Brunei|Brunei Darussalam|BN
Brunéi|Brunei Darussalam|BN
BULGARIA|Bulgaria|BG
BULGARY|Bulgaria|BG
Bulgaria|Bulgaria|BG
Bulgária|Bulgaria|BG
BURKINA|Burkina Faso|BF
BURKINA FASO|Burkina Faso|BF
Burkina Faso|Burkina Faso|BF
Burkina Faso|Burkina Faso|BF
BURUNDI|Burundi|BI
Burundi|Burundi|BI
Burundi|Burundi|BI
CAMBODIA|Cambodia|KH
Camboja|Cambodia|KH
Camboya|Cambodia|KH
Camarões|Cameroon|CM
CAMEROON|Cameroon|CM
CAMEROUN|Cameroon|CM
CAMERUN|Cameroon|CM
Camerún|Cameroon|CM
CANADA|Canada|CA
Canadá|Canada|CA
Canadá|Canada|CA
Canadá|Canada|CA
Cánada.|Canada|CA
CABO VERDE|Cabo Verde|CV
Cabo Verde|Cabo Verde|CV
Cabo Verde|Cabo Verde|CV
CAPE VERDE|Cabo Verde|CV
Ilhas Cayman|Cayman Islands|KY
Islas Caimán|Cayman Islands|KY
CENT AFR REPUBL|Central African Republic|CF
CENTRAL AFRICAN REPUBLIC|Central African Republic|CF
República Centro-Africana|Central African Republic|CF
República Centroafricana|Central African Republic|CF
CHAD|Chad|TD
Chad|Chad|TD
Chade|Chad|TD
CHIILE|Chile|CL
CHIL|Chile|CL
CHILA|Chile|CL
CHILE|Chile|CL
Chile|Chile|CL
Chile|Chile|CL
CHILLAN|Chile|CL
CHILLE|Chile|CL
HILE|Chile|CL
CCOLOMBIA|Colombia|CO
CHOCO|Colombia|CO
COL|Colombia|CO
COLOBIA|Colombia|CO
Colombi|Colombia|CO
COLOMBI A|Colombia|CO
COLOMBIA|Colombia|CO
Colombia|Colombia|CO
Colômbia|Colombia|CO
COLOMBIA S A|Colombia|CO
COLOMBIE|Colombia|CO
CONGO|Congo|CD
Congo|Congo|CD
Congo|Congo|CD
REPUBLIC OF THE CONGO|Congo|CD
THE CONGO|Congo|CD
Ilhas Cook|Cook Islands|CK
Islas Cook|Cook Islands|CK
COSA RICA|Costa Rica|CR
COSTA|Costa Rica|CR
COSTA RIC|Costa Rica|CR
COSTA RICA|Costa Rica|CR
Costa Rica|Costa Rica|CR
Costa Rica|Costa Rica|CR
RICA|Costa Rica|CR
SAN JOSE|Costa Rica|CR
COTE D IVOIRE|Côte d'Ivoire|CI
COTE IVOIRE|Côte d'Ivoire|CI
CROACIA|Croatia|HR
Croácia|Croatia|HR
CROATIA|Croatia|HR
Croatia|Croatia|HR
CUB|Cuba|CU
CUBA|Cuba|CU
Cuba|Cuba|CU
Cuba|Cuba|CU
REPUBLICA DE CUBA|Cuba|CU
uba|Cuba|CU
CHIPRE|Cyprus|CY
Chipre|Cyprus|CY
Chipre|Cyprus|CY
CYPRUS|Cyprus|CY
CZECH REPUBLIC|Czech Republic|CZ
REPUBLICA CHEC|Czech Republic|CZ
REPUBLICA CHECA|Czech Republic|CZ
República Checa|Czech Republic|CZ
REPUBLICA TCHECA|Czech Republic|CZ
República Tcheca|Czech Republic|CZ
THE CZECH REPUBLIC|Czech Republic|CZ
CUNDINAMARCA|Denmark|DK
DENMARK|Denmark|DK
DINAMARCA|Denmark|DK
Dinamarca|Denmark|DK
Dinamarca|Denmark|DK
Djibouti|Djibouti|DJ
Yibuti|Djibouti|DJ
DOMINICA|Dominica|DM
Dominica|Dominica|DM
Dominica|Dominica|DM
DOMINICAN REP|Dominican Republic|DO
Dominican Republic|Dominican Republic|DO
REPUBLICA DOMINICANA|Dominican Republic|DO
República Dominicana|Dominican Republic|DO
República Dominicana|Dominican Republic|DO
República Dominicana|Dominican Republic|DO
SANTO DOMINGO REPUBLICA DOMINICANA|Dominican Republic|DO
Timor Leste|East Timor|TP
Timor Leste|East Timor|TP
ECUADOR|Ecuador|EC
Ecuador|Ecuador|EC
EQUADOR|Ecuador|EC
Equador|Ecuador|EC
REPUBLICA DEL ECUADOR|Ecuador|EC
EGIPTO|Egypt|EG
Egipto|Egypt|EG
EGITO|Egypt|EG
Egito|Egypt|EG
EGYPT|Egypt|EG
EL SALVADOR|El Salvador|SV
El Salvador|El Salvador|SV
El Salvador|El Salvador|SV
SAN SALVADOR|El Salvador|SV
Guiné Equatorial|Equatorial Guinea|GQ
Guinea Ecuatorial|Equatorial Guinea|GQ
ERITREA|Eritrea|ER
Eritrea|Eritrea|ER
Eritreia|Eritrea|ER
Estoni|Estonia|EE
ESTONIA|Estonia|EE
Estonia|Estonia|EE
Estônia|Estonia|EE
ETHIOPIA|Ethiopia|ET
ETIOPIA|Ethiopia|ET
Etiopía|Ethiopia|ET
Etiópia|Ethiopia|ET
EUA|Falkland Islands|FK
Falkland Islands|Falkland Islands|FK
Ilhas Malvinas|Falkland Islands|FK
Islas Malvinas|Falkland Islands|FK
Ilhas Faroe|Faroe Islands|FO
Islas Feroe|Faroe Islands|FO
FIJI|Fiji|FJ
Fiji|Fiji|FJ
Fiji|Fiji|FJ
FINLAND|Finland|FI
FINLANDIA|Finland|FI
Finlandia|Finland|FI
Finlândia|Finland|FI
FRANCA|France|FR
França|France|FR
FRANCE|France|FR
Francia|France|FR
Francia|France|FR
FRENCH|France|FR
NEW CALEDONIA|France|FR
París|France|FR
Republic of France|France|FR
FRENCH GUIANA|Guyana|GY
FRENCH GUIANA|Guyana|GY
Guayana Francesa|Guyana|GY
Guiana francesa|Guyana|GY
GUIANA FRANCESA|Guyana|GY
GUYANE FANCAISE|Guyana|GY
GUYANE FRANCAISE|Guyana|GY
Gabão|Gabon|GA
GABON|Gabon|GA
Gabón|Gabon|GA
GAMBIA|Gambia|GM
Gambia|Gambia|GM
Gâmbia|Gambia|GM
THE GAMBIA|Gambia|GM
Georgia|Georgia|GE
Georgia|Georgia|GE
Georgia|Georgia|GE
ALEMANHA|Germany|DE
Alemanha|Germany|DE
Alemania|Germany|DE
Alemania|Germany|DE
BERLIN|Germany|DE
DEUTCHLAND|Germany|DE
DEUTSCHLAND|Germany|DE
EUROLAND|Germany|DE
GEMANY|Germany|DE
German|Germany|DE
GERMANY|Germany|DE
GOTTINGEN|Germany|DE
GRERMANY|Germany|DE
REPUBLICA FEDERAL DA ALEMANHA|Germany|DE
REPUBLICA FEDERAL DE ALEMANIA|Germany|DE
Gana|Ghana|GH
GHANA|Ghana|GH
Ghana|Ghana|GH
CHANIA GREECE|Greece|GR
GR|Greece|GR
GRECE|Greece|GR
GRECIA|Greece|GR
Grecia|Greece|GR
Grécia|Greece|GR
GREECE|Greece|GR
Granada|Grenada|GD
Granada|Grenada|GD
Guadalupe|Guadeloupe|GP
Guadalupe|Guadeloupe|GP
GUADELOUPE|Guadeloupe|GP
GUADELOUPE FWI|Guadeloupe|GP
GUATEMALA|Guatemala|GT
Guatemala|Guatemala|GT
Guatemala|Guatemala|GT
Guiné|Guinea-Bissau|GW
GUINEA|Guinea-Bissau|GW
Guinea|Guinea-Bissau|GW
Guinee|Guinea-Bissau|GW
Guiné-Bissau|Guinea-Bissau|GW
GUINEA BISSAU|Guinea-Bissau|GW
Guinea-Bisáu|Guinea-Bissau|GW
Guiana|Guyana|GY
GUYANA|Guyana|GY
Guyana|Guyana|GY
HAITI|Haiti|HT
Haiti|Haiti|HT
Haití|Haiti|HT
HONDURAS|Honduras|HN
Honduras|Honduras|HN
Honduras|Honduras|HN
REPUBLICA DE HONDURAS|Honduras|HN
HONG KONG|Hong Kong|HK
Hong Kong|Hong Kong|HK
Hong Kong|Hong Kong|HK
HUNGARY|Hungary|HU
HUNGRIA|Hungary|HU
Hungria|Hungary|HU
Hungría|Hungary|HU
ICELAND|Iceland|IS
Islandia|Iceland|IS
Islândia|Iceland|IS
ANDAMAN AND NICOBAR ISLANDS|India|IN
Bangalore|India|IN
Chennai|India|IN
Haryana|India|IN
INDIA|India|IN
India|India|IN
Índia|India|IN
Índia|India|IN
INDIAN|India|IN
JAIPUR|India|IN
Kharagpur|India|IN
MADURAI|India|IN
ODISHA INDIA|India|IN
RAJASTHAN|India|IN
REPUBLIC OF INDIA|India|IN
South-India|India|IN
WAKNAGHAT|India|IN
INDONESIA|Indonesia|ID
Indonesia|Indonesia|ID
Indonésia|Indonesia|ID
I R IRAN|Iran|IR
IRA|Iran|IR
Irã|Iran|IR
IRAN|Iran|IR
Irán|Iran|IR
Islamic Republic Iran|Iran|IR
Islamic Republic Iran|Iran|IR
ISLAMIC REPUBLIC OF IRAN|Iran|IR
THE ISLAMIC REPUBLIC OF IRAN|Iran|IR
Irak|Iraq|IQ
IRAQ|Iraq|IQ
Iraque|Iraq|IQ
IRELAND|Ireland|IE
IRLANDA|Ireland|IE
Irlanda|Ireland|IE
Irlanda|Ireland|IE
ISRAEL|Israel|IL
Israel|Israel|IL
Israel|Israel|IL
JERUSALEM|Israel|IL
ITA|Italy|IT
Italia|Italy|IT
Italia|Italy|IT
Itália|Italy|IT
ITALIE|Italy|IT
ITALY|Italy|IT
ROMA|Italy|IT
TALY|Italy|IT
Costa de Marfil|Côte d'Ivoire|CI
Costa do Marfim|Côte d'Ivoire|CI
JAMAICA|Jamaica|JM
Jamaica|Jamaica|JM
Jamaica|Jamaica|JM
JAPAN|Japan|JP
JAPAO|Japan|JP
Japão|Japan|JP
JAPON|Japan|JP
Japón|Japan|JP
JORDAN|Jordan|JO
JORDANIA|Jordan|JO
Jordania|Jordan|JO
Jordânia|Jordan|JO
Cazaquistão|Kazakhstan|KZ
Kazajistán|Kazakhstan|KZ
KAZAKHSTAN|Kazakhstan|KZ
Kenia|Kenya|KE
KENYA|Kenya|KE
Quênia|Kenya|KE
KUWAIT|Kuwait|KW
Kuwait|Kuwait|KW
Kuweit|Kuwait|KW
KWAIT|Kuwait|KW
STATE OF KUWAIT|Kuwait|KW
Kirguistán|Kyrgyzstan|KG
KYRGYZSTAN|Kyrgyzstan|KG
Quirguistão|Kyrgyzstan|KG
LAO PDR|Lao People's Democratic Republic|LA
LAO PEOPLE S DEMOCRATIC REPUBLIC|Lao People's Democratic Republic|LA
Lao Peoples Democratic Republic.|Lao People's Democratic Republic|LA
LAOS|Lao People's Democratic Republic|LA
Laos|Lao People's Democratic Republic|LA
Laos|Lao People's Democratic Republic|LA
THE LAO PEOPLE S DEMOCRATIC REPUBLIC|Lao People's Democratic Republic|LA
LATVIA|Latvia|LV
LETONIA|Latvia|LV
Letonia|Latvia|LV
Letônia|Latvia|LV
Beirut|Lebanon|LB
LEBANO|Lebanon|LB
LEBANON|Lebanon|LB
LIBANO|Lebanon|LB
Líbano|Lebanon|LB
Líbano|Lebanon|LB
LESOTHO|Lesotho|LS
Lesoto|Lesotho|LS
Lesoto|Lesotho|LS
LIBERIA|Liberia|LR
Liberia|Liberia|LR
Libéria|Liberia|LR
LIBIA|Libya|LY
Libia|Libya|LY
Líbia|Libya|LY
LIBYA|Libya|LY
Liechtenstein|Liechtenstein|LI
Liechtenstein|Liechtenstein|LI
LITHUANIA|Lithuania|LT
LITUANIA|Lithuania|LT
Lituania|Lithuania|LT
Lituânia|Lithuania|LT
GRAN DUCADO DE LUXEMBURGO|Luxembourg|LU
GRAND DUCHY OF LUXEMBOURG|Luxembourg|LU
LUXEMBOURG|Luxembourg|LU
Luxemburgo|Luxembourg|LU
Luxemburgo|Luxembourg|LU
MACAO|Macao|MO
Macau|Macao|MO
Macau|Macao|MO
MACEDONIA|Macedonia|MK
Macedonia|Macedonia|MK
Macedônia|Macedonia|MK
REPUBLIC OF MACEDONIA|Macedonia|MK
MADAGASCAR|Madagascar|MG
Madagascar|Madagascar|MG
Madagascar|Madagascar|MG
Malaui|Malawi|MW
Malavi|Malawi|MW
MALAWI|Malawi|MW
MALASIA|Malaysia|MY
Malasia|Malaysia|MY
Malásia|Malaysia|MY
MALASYA|Malaysia|MY
MALAYASIA|Malaysia|MY
MALAYSIA|Malaysia|MY
SELANGOR DARUL EHSAN|Malaysia|MY
Maldivas|Maldives|MV
Maldivas|Maldives|MV
MALI|Mali|ML
Mali|Mali|ML
Malí|Mali|ML
MALTA|Malta|MT
Malta|Malta|MT
Malta|Malta|MT
Ilhas Marshall|Marshall Islands|MH
Islas Marshall|Marshall Islands|MH
MARSHALL ISLAND|Marshall Islands|MH
THE REPUBLIC OF THE MARSHALL ISLANDS|Marshall Islands|MH
MARTINICA|Martinique|MQ
Martinica|Martinique|MQ
Martinica|Martinique|MQ
MARTINIQUE|Martinique|MQ
Mauritania|Mauritania|MR
Mauritânia|Mauritania|MR
Mauricio|Mauritius|MU
Maurício|Mauritius|MU
MAURITIUS|Mauritius|MU
Mayotte|Mayotte|YT
Mayotte|Mayotte|YT
CHIAPAS|Mexico|MX
CIUDAD DE MEXICO|Mexico|MX
D F MEXICO|Mexico|MX
EDO DE MEXICO|Mexico|MX
ESTADO DE MEXICO|Mexico|MX
MA A A XICO|Mexico|MX
MA XICO|Mexico|MX
ME XICO|Mexico|MX
MEJICO|Mexico|MX
MEX|Mexico|MX
MEXIC|Mexico|MX
MEXICO|Mexico|MX
México|Mexico|MX
México|Mexico|MX
México|Mexico|MX
MEXICO C P|Mexico|MX
MEXICO D F|Mexico|MX
MEXICO DF|Mexico|MX
MEXIQUE|Mexico|MX
NAYARIT MEXICO|Mexico|MX
NEW MEXICO|Mexico|MX
REPUBLICA DE MEXICO|Mexico|MX
Micronesia|Micronesia|FM
Micronésia|Micronesia|FM
MOLDOVA|Moldova|MD
REPUBLIC OF MOLDOVA|Moldova|MD
MONGOL PEO REP|Mongolia|MN
Mongolia|Mongolia|MN
MONGOLIA|Mongolia|MN
Mongólia|Mongolia|MN
Montenegro|Montenegro|ME
Montenegro|Montenegro|ME
SERBIA AND MONTENEGRO|Montenegro|ME
SERBIA MONTENEG|Montenegro|ME
SERBIA MONTENEGRO|Montenegro|ME
MARO|Morocco|MA
MAROC|Morocco|MA
MAROCCO|Morocco|MA
MARROCOS|Morocco|MA
Marrocos|Morocco|MA
MARRUECOS|Morocco|MA
Marruecos|Morocco|MA
MOROCCO|Morocco|MA
MORROCCO|Morocco|MA
MOCAMBIQUE|Mozambique|MZ
Moçambique|Mozambique|MZ
MOZAMBIQUE|Mozambique|MZ
Mozambique|Mozambique|MZ
Mianmar|Myanmar|MM
MYANMAR|Myanmar|MM
Myanmar|Myanmar|MM
NAMIBIA|Namibia|NA
Namibia|Namibia|NA
Namíbia|Namibia|NA
Nauru|Nauru|NR
Nauru|Nauru|NR
NEPA|Nepal|NP
NEPAL|Nepal|NP
Nepal|Nepal|NP
Nepal|Nepal|NP
Antillas|Netherlands Antilles|AN
NETH ANTILLES|Netherlands Antilles|AN
NETHERLANDS ANTILLES|Netherlands Antilles|AN
HOLANDA|Netherlands|NL
Holanda|Netherlands|NL
Holanda|Netherlands|NL
HOLANDA PAISES BAIXOS|Netherlands|NL
HOLLAND|Netherlands|NL
NEDERLANDS|Netherlands|NL
NETHERLANDS|Netherlands|NL
NETHERLNDS|Netherlands|NL
PAISES BAIXOS|Netherlands|NL
PAISES BAJOS|Netherlands|NL
THE NETHERLAN DS|Netherlands|NL
THE NETHERLANDS|Netherlands|NL
THE NETHERTLANDS|Netherlands|NL
UTRECHT NETHERLANDS|Netherlands|NL
Antilhas Holandesas|Netherlands Antilles|AN
Antillas Holandesas|Netherlands Antilles|AN
NEW CALEDONIA|New Caledonia|NC
Nova Caledônia|New Caledonia|NC
Nueva Caledonia|New Caledonia|NC
NEW ZEALAND|New Zealand|NZ
NEW ZELAND|New Zealand|NZ
NOVA ZELANDIA|New Zealand|NZ
Nova Zelândia|New Zealand|NZ
NUEVA ZELANDA|New Zealand|NZ
NUEVA ZELANDIA|New Zealand|NZ
Nueva Zelandia|New Zealand|NZ
Ministerio|Nicaragua|NI
NICARAGUA|Nicaragua|NI
Nicaragua|Nicaragua|NI
Nicarágua|Nicaragua|NI
NIGARAGUA|Nicaragua|NI
NIGER|Niger|NE
Níger|Niger|NE
Níger|Niger|NE
NAIGERIA|Nigeria|NG
NIGERIA|Nigeria|NG
Nigeria|Nigeria|NG
Nigéria|Nigeria|NG
NIGERIS|Nigeria|NG
OSHUN STATE|Nigeria|NG
ZARIA|Nigeria|NG
Niue|Niue|NU
Niue|Niue|NU
IRLANDA DO NORTE|United Kingdom|GB
NORTHERN IRELAND|United Kingdom|GB
Corea del Norte|Korea|KP
Coréia do Norte|Korea|KP
NORUEGA|Norway|NO
Noruega|Norway|NO
Noruega|Norway|NO
NORW AY|Norway|NO
NORWAY|Norway|NO
Omã|Oman|OM
OMAN|Oman|OM
Omán|Oman|OM
SULTANATE OF OMAN|Oman|OM
FAISLABAD|Pakistan|PK
Islamabad|Pakistan|PK
PAKISTA|Pakistan|PK
PAKISTAN|Pakistan|PK
Pakistán|Pakistan|PK
PAKISTANA|Pakistan|PK
PAKSITAN|Pakistan|PK
Paquistão|Pakistan|PK
Palau|Palau|PW
Palau|Palau|PW
PALESTINA|Palestine|PS
PALESTINE|Palestine|PS
PANAMA|Panama|PA
Panamá|Panama|PA
Panamá|Panama|PA
Panamá|Panama|PA
REP DE PANAMA|Panama|PA
Republic of Panama|Panama|PA
REPUBLICA DE PANAMA|Panama|PA
Republica de Panamá.|Panama|PA
REPUBLICA DO PANAMA|Panama|PA
PAPUA N GUINEA|Papua New Guinea|PG
PAPUA NEW GUINEA|Papua New Guinea|PG
Papua Nova Guiné|Papua New Guinea|PG
Papua Nueva Guinea|Papua New Guinea|PG
PARAGUAI|Paraguay|PY
Paraguai|Paraguay|PY
PARAGUAY|Paraguay|PY
Paraguay|Paraguay|PY
CHIN|China|CN
China|China|CN
P R CHINA|China|CN
P R OF CHINA|China|CN
P.R. China|China|CN
"P.R| China"|China|CN
PEOPLE REPUBLIC OF CHINA|China|CN
PEOPLE RSQUO S REPUBLIC OF CHINA|China|CN
PEOPLE S REPUBLIC OF CHINA|China|CN
PEOPLES R CHINA|China|CN
POPULAR REPUBLIC OF CHINA|China|CN
PR China|China|CN
PRC|China|CN
R O CHINA|China|CN
R P CHINA|China|CN
REPUBLIC CHINA|China|CN
Republic of China|China|CN
REPUBLICA POPULAR CHINA|China|CN
REPUBLICA POPULAR DA CHINA|China|CN
República Popular da China|China|CN
REPUBLICA POPULAR DE CHINA|China|CN
República Popular de China|China|CN
THE PEOPLE S REPUBLIC OF CHINA|China|CN
Arequipa|Peru|PE
Cuzco|Peru|PE
PERU|Peru|PE
Perú|Peru|PE
Perú|Peru|PE
Perú|Peru|PE
Piura|Peru|PE
REPUBLICA DEL PERU|Peru|PE
Filipinas|Philippines|PH
Filipinas|Philippines|PH
PHILIPPINES|Philippines|PH
THE PHILIPPINES|Philippines|PH
(Poland|Poland|PL
POLAND|Poland|PL
POLONIA|Poland|PL
Polonia|Poland|PL
Polônia|Poland|PL
WARSAW|Poland|PL
FR POLYNESIA|French Polynesia|PF
Polinesia|French Polynesia|PF
Polinésia|French Polynesia|PF
POLYNESIE FRANCAISE|French Polynesia|PF
ACORES|Portugal|PT
AVEIRO|Portugal|PT
ELVAS|Portugal|PT
LISBOA|Portugal|PT
LISBON|Portugal|PT
LSDIAS UEVORA PT|Portugal|PT
OEIRAS|Portugal|PT
PORTUGA|Portugal|PT
PORTUGAL|Portugal|PT
Portugal|Portugal|PT
Portugal|Portugal|PT
PORTUGL|Portugal|PT
PORTUGUAL|Portugal|PT
POSTUGAL|Portugal|PT
Porto Rico|Puerto Rico|PR
PUERO RICO|Puerto Rico|PR
PUERTO RICO|Puerto Rico|PR
Puerto Rico|Puerto Rico|PR
CATAR|Qatar|QA
Catar|Qatar|QA
Catar|Qatar|QA
DOHA|Qatar|QA
QATAR|Qatar|QA
STATE OF QATAR|Qatar|QA
ROMANIA|Romania|RO
ROMENIA|Romania|RO
Romênia|Romania|RO
RUMANIA|Romania|RO
Rumania|Romania|RO
RUSIA|Russian Federation|RU
Rusia|Russian Federation|RU
RUSSIA|Russian Federation|RU
Rússia|Russian Federation|RU
RUSSIAN|Russian Federation|RU
RUSSIAN FEDERATION|Russian Federation|RU
THE RUSSIAN FEDERATION|Russian Federation|RU
Ruanda|Rwanda|RW
Ruanda|Rwanda|RW
RWANDA|Rwanda|RW
Santa Elena|Saint Helena|SH
Santa Helena|Saint Helena|SH
Saint Kitts and Nevis|Saint Kitts and Nevis|KN
San Cristóbal y Nieves|Saint Kitts and Nevis|KN
São Cristóvão e Névis|Saint Kitts and Nevis|KN
Santa Lucía|Saint Lucia|LC
Santa Lúcia|Saint Lucia|LC
ST LUCIA|Saint Lucia|LC
Santo Tomé y Príncipe|Sao Tome and Principe|ST
São Tomé e Príncipe|Sao Tome and Principe|ST
San Vicente y las Granadinas|Saint Vincent and the Grenadines|VC
São Vicente e Granadinas|Saint Vincent and the Grenadines|VC
SAMOA|Samoa|WS
Samoa|Samoa|WS
Samoa|Samoa|WS
San Marino|San Marino|SM
San Marino|San Marino|SM
San Marino|San Marino|SM
ARABIA SAUDITA|Saudi Arabia|SA
Arabia Saudita|Saudi Arabia|SA
Arábia Saudita|Saudi Arabia|SA
KINGDOM OF SAUDI ARABIA|Saudi Arabia|SA
KSA KINGDOM OF SAUDI ARABIA|Saudi Arabia|SA
Saudi Arabi|Saudi Arabia|SA
SAUDI ARABIA|Saudi Arabia|SA
SAUDIA ARABIA|Saudi Arabia|SA
SENEGAL|Senegal|SN
Senegal|Senegal|SN
Senegal|Senegal|SN
REPUBLIC OF SERBIA|Serbia|RS
SERBIA|Serbia|RS
Serbia|Serbia|RS
SERVIA|Serbia|RS
Sérvia|Serbia|RS
SEYCHELLES|Seychelles|SC
Seychelles|Seychelles|SC
Seychelles|Seychelles|SC
Serra Leoa|Sierra Leone|SL
SIERRA LEONA|Sierra Leone|SL
Sierra Leona|Sierra Leone|SL
SIERRA LEONE|Sierra Leone|SL
Cingapura|Singapore|SG
SINGAPORE|Singapore|SG
SINGAPUR|Singapore|SG
Singapur|Singapore|SG
SINGAPURA|Singapore|SG
ESLOVAQUIA|Slovakia|SK
Eslovaquia|Slovakia|SK
Eslováquia|Slovakia|SK
REPUBLICA ESLOVACA|Slovakia|SK
SLOVAK REPUBLIC|Slovakia|SK
SLOVAKIA|Slovakia|SK
ESLOVENIA|Slovenia|SI
Eslovenia|Slovenia|SI
Eslovênia|Slovenia|SI
REPUBLIC OF SLOVENIA|Slovenia|SI
SLOVENIA|Slovenia|SI
Ilhas Salomão|Solomon Islands|SB
Islas Salomón|Solomon Islands|SB
SOLOMON ISLANDS|Solomon Islands|SB
SOMALIA|Somalia|SO
Somalia|Somalia|SO
Somália|Somalia|SO
AFRICA|South Africa|ZA
África del Sur|South Africa|ZA
AFRICA DO SUL|South Africa|ZA
África do Sul|South Africa|ZA
GAUTENG|South Africa|ZA
Johannesburg|South Africa|ZA
REPUBLIC OF SOUTH AFRICA|South Africa|ZA
SOUTH AFRICA|South Africa|ZA
SOUTH AFRICAN|South Africa|ZA
SOUTH AFRICAS|South Africa|ZA
South-Africa|South Africa|ZA
SOUTHERN AFRICA|South Africa|ZA
SUDAFRICA|South Africa|ZA
Sudáfrica|South Africa|ZA
SUR DE AFRICA|South Africa|ZA
Corea del Sur|Korea|KP
Corea del Sur|Korea|KP
COREIA|Korea|KP
COREIA DO SUL|Korea|KP
Coréia do Sul|Korea|KP
Korea|Korea|KP
REPUBLIC OF KOREA|Korea|KP
REPUBLICA DA COREIA|Korea|KP
SOUTH KOREA|Korea|KP
REPUBLIC OF SOUTH SUDAN|South Sudan|SS
SOUTH SUDAN|South Sudan|SS
Álava|Spain|ES
AMARTINR US ES|Spain|ES
ASTURIAS|Spain|ES
BARCELONA|Spain|ES
CADIZ|Spain|ES
CORDOBA|Spain|ES
EESPANA|Spain|ES
EPANA|Spain|ES
Espa ña|Spain|ES
ESPA NTILDE A|Spain|ES
ESPAA A|Spain|ES
ESPAIN|Spain|ES
ESPAN|Spain|ES
ESPANA|Spain|ES
España|Spain|ES
España|Spain|ES
ESPANHA|Spain|ES
Espanha|Spain|ES
ESPANHAL|Spain|ES
ESPANYA|Spain|ES
ESPNAA|Spain|ES
GUIPUZCOA|Spain|ES
ISLAS CANARIAS|Spain|ES
MADRID|Spain|ES
MALAGA|Spain|ES
Murcia|Spain|ES
NAVARRA|Spain|ES
PAIS VASCO|Spain|ES
PRINCIPADO DE ASTURIAS|Spain|ES
SPAIN|Spain|ES
SPANA|Spain|ES
TARRAGONA|Spain|ES
VALENCIA|Spain|ES
SRI LANKA|Sri Lanka|LK
Sri Lanka|Sri Lanka|LK
Sri Lanka|Sri Lanka|LK
SUDAN|Sudan|SD
Sudán|Sudan|SD
SUDAO|Sudan|SD
Sudão|Sudan|SD
THE SUDAN|Sudan|SD
Surinam|Suriname|SR
SURINAM|Suriname|SR
Suriname|Suriname|SR
SURINAME|Suriname|SR
SUECIA|Sweden|SE
Suecia|Sweden|SE
Suécia|Sweden|SE
SWEDEN|Sweden|SE
GINEBRA|Switzerland|CH
SCHWEIZ|Switzerland|CH
SUICA|Switzerland|CH
Suíça|Switzerland|CH
SUISSE|Switzerland|CH
SUIZA|Switzerland|CH
Suiza|Switzerland|CH
SWAZILAND|Switzerland|CH
SWIRZERLAND|Switzerland|CH
SWITERLAND|Switzerland|CH
SWITZERLAN|Switzerland|CH
SWITZERLAND|Switzerland|CH
Siria|Syrian Arab Republic|SY
Siria|Syrian Arab Republic|SY
Síria|Syrian Arab Republic|SY
SYRIA|Syrian Arab Republic|SY
Syrian Arab Republic|Syrian Arab Republic|SY
Tajiquistão|Tajikistan|TJ
Tayikistán|Tajikistan|TJ
CHINESE TAIWAN|Taiwan|TW
ROC|Taiwan|TW
TAIWAN|Taiwan|TW
Taiwan|Taiwan|TW
Taiwán|Taiwan|TW
TAIWAN R O C|Taiwan|TW
TAIWAN REPUBLIC OF CHINA|Taiwan|TW
TAIWAN ROC|Taiwan|TW
REPUBLIC OF TANZANIA|Tanzania|TZ
TANZANIA|Tanzania|TZ
Tanzania|Tanzania|TZ
Tanzânia|Tanzania|TZ
THE UNITED REPUBLIC OF TANZANIA|Tanzania|TZ
UNITED REPUBLIC OF TANZANIA|Tanzania|TZ
BANGKOK THAILAND|Thailand|TH
TAILANDIA|Thailand|TH
Tailandia|Thailand|TH
Tailândia|Thailand|TH
THAILAND|Thailand|TH
THALIAND|Thailand|TH
TIMOR LESTE|Timor-Leste|TL
TIMOR-LESTE|Timor-Leste|TL
TOGO|Togo|TG
Togo|Togo|TG
Togo|Togo|TG
Tokelau|Tokelau|TK
Toquelau|Tokelau|TK
TONGA|Tonga|TO
Tonga|Tonga|TO
Tonga|Tonga|TO
REPUBLIC OF TRINIDAD AND TOBAGO|Trinidad and Tobago|TT
TOBAGO|Trinidad and Tobago|TT
TRINID TOBAGO|Trinidad and Tobago|TT
TRINIDAD|Trinidad and Tobago|TT
TRINIDAD AND TOBAGO|Trinidad and Tobago|TT
Trinidad e Tobago|Trinidad and Tobago|TT
TRINIDAD TOBAGO|Trinidad and Tobago|TT
Trinidad y Tobago|Trinidad and Tobago|TT
TRINIDAD Y TOBAGO|Trinidad and Tobago|TT
TUNES|Tunisia|TN
TUNEZ|Tunisia|TN
Túnez|Tunisia|TN
TUNISIA|Tunisia|TN
Tunísia|Tunisia|TN
TUNISIE|Tunisia|TN
ISTANBUL TURKEY|Turkey|TR
Tuirkey|Turkey|TR
Turke|Turkey|TR
TURKEY|Turkey|TR
TURKIA|Turkey|TR
TURKIYE|Turkey|TR
Turquia|Turkey|TR
Turquia|Turkey|TR
Turquía|Turkey|TR
Turkmenistán|Turkmenistan|TM
Turquemenistão|Turkmenistan|TM
Ilhas Turcas e Caicos|Turks and Caicos Islands|TC
Islas Turcas y Caicos|Turks and Caicos Islands|TC
Tuvalu|Tuvalu|TV
DUBAI|United Arab Emirates|AE
Dubai UAE|United Arab Emirates|AE
EAU|United Arab Emirates|AE
Emirados Árabes Unidos|United Arab Emirates|AE
EMIRATOS ARABES UNIDOS|United Arab Emirates|AE
Emiratos Árabes Unidos|United Arab Emirates|AE
U ARAB EMIRATES|United Arab Emirates|AE
UAE|United Arab Emirates|AE
UNITED ARAB EMIRATES|United Arab Emirates|AE
UNITED ARAB EMIRATES UAE|United Arab Emirates|AE
UGANDA|Uganda|UG
Uganda|Uganda|UG
Uganda|Uganda|UG
UCRANIA|Ukraine|UA
Ucrania|Ukraine|UA
Ucrânia|Ukraine|UA
UKRAINE|Ukraine|UA
ARGENTINA|United Kingdom|GB
BRISTOL|United Kingdom|GB
ENGLAND|United Kingdom|GB
ENGLAND AND WALES|United Kingdom|GB
ENGLAND UK|United Kingdom|GB
ESCOCIA|United Kingdom|GB
ESCOCIA REINO UNIDO|United Kingdom|GB
G B|United Kingdom|GB
GALES|United Kingdom|GB
GRA BRETANHA|United Kingdom|GB
GRAN BRETANA|United Kingdom|GB
GREAT BRITAIN|United Kingdom|GB
INGLATERRA|United Kingdom|GB
LONDON|United Kingdom|GB
LONDRES|United Kingdom|GB
LOUGHBOROUGH|United Kingdom|GB
NORTH IRELAND|United Kingdom|GB
NORWICH|United Kingdom|GB
NR4 7TJ|United Kingdom|GB
PAIS DE GALES|United Kingdom|GB
REINO UNIDO|United Kingdom|GB
Reino Unido|United Kingdom|GB
Reino Unido|United Kingdom|GB
SCOTLAND|United Kingdom|GB
SCOTLAND UK|United Kingdom|GB
UNITED KIGDOM|United Kingdom|GB
UNITED KIGDOM|United Kingdom|GB
UNITED KINDGOM|United Kingdom|GB
UNITED KING|United Kingdom|GB
UNITED KINGDOM|United Kingdom|GB
UNITED KINGDON|United Kingdom|GB
WALES|United Kingdom|GB
Estado Unidos|United States|US
ESTADOS UNIDO|United States|US
ESTADOS UNIDOS|United States|US
ESTADOS UNIDOS DA AMERICA|United States|US
Estados Unidos da América do Norte|United States|US
ESTADOS UNIDOS DE AMERICA|United States|US
Estados Unidos de América|United States|US
ESTADOS UNIDOS DE NORTE AMERICA|United States|US
ESTADOS UNIDOS DE NORTEAMERICA|United States|US
EUA|United States|US
THE UNITED STATES|United States|US
U S A|United States|US
U.S.A.|United States|US
UNIDET STATES|United States|US
Unite States|United States|US
UNITED OF STATES|United States|US
UNITED SATES|United States|US
UNITED STATE|United States|US
UNITED STATE OF AMERICA|United States|US
UNITED STATED|United States|US
UNITED STATES|United States|US
UNITED STATES OF AMERIC|United States|US
United States of America|United States|US
UNITED STATES OF AMERICA USA|United States|US
UNITED STATUS OF AMERICA|United States|US
UNITES STATES|United States|US
UNITES STATES OF AMERICA|United States|US
USA|United States|US
R O DEL URUGUAY|Uruguay|UY
REP DEL URUGUAY|Uruguay|UY
REPUBLICA ORIENTAL DEL URUGUAY|Uruguay|UY
REPUBLICA ORIENTAL DELURUGUAY|Uruguay|UY
URUGUAI|Uruguay|UY
Uruguai|Uruguay|UY
URUGUAY|Uruguay|UY
Uruguay|Uruguay|UY
USA|United States|US
UZBEKISTAN|Uzbekistan|UZ
Uzbekistán|Uzbekistan|UZ
Uzbequistão|Uzbekistan|UZ
Vanuatu|Vanuatu|VU
Vanuatu|Vanuatu|VU
Ciudad del Vaticano|Holy See|VA
Estado do Vaticano|Holy See|VA
EDO VENEZUELA|Venezuela|VE
REPUBLICA BOLIVARIANA DE VENEZUELA|Venezuela|VE
REPUBLICA BOLIVARIANA DE VENZUELA|Venezuela|VE
VECEZUELA|Venezuela|VE
VENAZUELA|Venezuela|VE
VENEZELA|Venezuela|VE
VENEZUEL|Venezuela|VE
VENEZUELA|Venezuela|VE
Venezuela|Venezuela|VE
Venezuela|Venezuela|VE
VENEZULEA|Venezuela|VE
VENZUELA|Venezuela|VE
VZLA|Venezuela|VE
ZULIA|Venezuela|VE
VIET NAM|Viet-Nam|VD
Vietnã|Viet-Nam|VD
VIETNAM|Viet-Nam|VD
Vietnam|Viet-Nam|VD
CAYMAN ISLANDS|Cayman Islands|KY
BRITISH WEST INDIES|United Kingdom|GB
WEST INDIES|United Kingdom|GB
Iémen|Yemen|YD
REPUBLICA DE YEMEN|Yemen|YD
YEMEN|Yemen|YD
Yemen|Yemen|YD
YUGOSLAVIA|Yugoslavia|YU
DEMOCRATIC REPUBLIC OF CONGO|Zaire|ZR
DEMOCRATIC REPUBLIC OF THE CONGO|Zaire|ZR
DRC|Zaire|ZR
I RDC|Zaire|ZR
R D CONGO|Zaire|ZR
ZAIRE|Zaire|ZR
Zaire|Zaire|ZR
Zaire|Zaire|ZR
ZAMBIA|Zambia|ZM
Zambia|Zambia|ZM
Zâmbia|Zambia|ZM
Zimbabue|Zimbabwe|ZW
Zimbábue|Zimbabwe|ZW
ZIMBABWE|Zimbabwe|ZW
ZIMBAWE|Zimbabwe|ZW
